"","PROBEID","SYMBOL","ENTREZID","GENENAME","logFC","AveExpr","t","P.Value","adj.P.Val","B"
"71","200796_s_at","MCL1","4170","MCL1 apoptosis regulator, BCL2 family member",0.725600013267298,6.37946720751351,1.70276685571401,0.113019140245628,0.999732562258353,-4.97520444863733
"153","201101_s_at","BCLAF1","9774","BCL2 associated transcription factor 1",0.442792971740129,7.64943119568495,1.2550247406106,0.232143293719136,0.999732562258353,-5.5609078575183
"155","201110_s_at","THBS1","7057","thrombospondin 1",0.583402428699763,4.77330370644422,2.34345578113163,0.0361383182975185,0.999732562258353,-3.96528468980672
"158","201123_s_at","EIF5A","1984","eukaryotic translation initiation factor 5A",0.486648224584657,9.01146501422329,1.517403880889,0.153733361913124,0.999732562258353,-5.23253242652818
"164","201143_s_at","EIF2S1","1965","eukaryotic translation initiation factor 2 subunit alpha",0.481728678117207,7.48040293739296,1.38727046560418,0.18929721990887,0.999732562258353,-5.40105122563327
"175","201197_at","AMD1","262","adenosylmethionine decarboxylase 1",0.517752755626434,7.84106568267894,2.01411939324809,0.0657511352343289,0.999732562258353,-4.50426534874949
"209","201328_at","ETS2","2114","ETS proto-oncogene 2, transcription factor",0.505885986025069,6.93674698149686,2.04221261817356,0.0625340845732846,0.999732562258353,-4.45973722307152
"241","201466_s_at","JUN","3725","Jun proto-oncogene, AP-1 transcription factor subunit",0.895635541536954,6.02979171775746,2.81658652465285,0.0148790447121847,0.999732562258353,-3.14328809139368
"246","201473_at","JUNB","3726","JunB proto-oncogene, AP-1 transcription factor subunit",0.972814929045195,8.12419037269166,2.47800284040167,0.0281474733164519,0.999732562258353,-3.73607277295099
"251","201485_s_at","RCN2","5955","reticulocalbin 2",0.361788071544766,7.94017756337815,1.28819378142274,0.22072571345363,0.999732562258353,-5.52194812746225
"254","201498_at","USP7","7874","ubiquitin specific peptidase 7",0.438753069511549,6.92923685270566,1.42952216054106,0.177065094341122,0.999732562258353,-5.34750875032847
"255","201502_s_at","NFKBIA","4792","NFKB inhibitor alpha",2.94533341070849,10.2086192516472,8.67845059962746,1.10071049973591e-06,0.000682660651936214,5.75676143977459
"298","201631_s_at","IER3","8870","immediate early response 3",1.36826593724575,10.1509955825358,5.04776679387632,0.000242251428956554,0.0577862831687903,0.7860728088346
"328","201739_at","SGK1","6446","serum/glucocorticoid regulated kinase 1",0.982681121344682,7.20692126535881,3.32640281320623,0.00564540857610654,0.729433833104433,-2.22719721917561
"357","201855_s_at","ATMIN","23300","ATM interactor",0.420753512203005,6.28484019141339,1.32478448915513,0.208658893712749,0.999732562258353,-5.47807656630213
"359","201858_s_at","SRGN","5552","serglycin",0.43111028424317,10.4479648090589,1.47958993970895,0.163432285782861,0.999732562258353,-5.28258951685531
"360","201860_s_at","PLAT","5327","plasminogen activator, tissue type",0.854294235021053,9.22512442284578,1.32259673992732,0.209365005570686,0.999732562258353,-5.48072559227443
"372","201916_s_at","SEC63","11231","SEC63 homolog, protein translocation regulator",0.382132743569723,7.6774886982662,1.53835817106594,0.148573019073591,0.999732562258353,-5.204423155356
"378","201939_at","PLK2","10769","polo like kinase 2",0.750717126974843,6.54183433985207,1.55909863211379,0.143612089590976,0.999732562258353,-5.1763455703113
"382","201955_at","CCNC","892","cyclin C",0.510557312869015,8.204306846828,1.50264877917227,0.157458067188779,0.999732562258353,-5.2521681067378
"398","202023_at","EFNA1","1942","ephrin A1",1.10629000573409,7.75406470360875,3.54121702339926,0.00375723235341371,0.506572935997214,-1.83898626096203
"399","202028_s_at","RPL38","6169","ribosomal protein L38",-0.452762481968435,10.0632580134064,-1.40869921640939,0.183008621844508,0.999732562258353,-5.37404056545676
"401","202033_s_at","RB1CC1","9821","RB1 inducible coiled-coil 1",0.409290124624395,7.47419433147779,1.64596007334841,0.124356689207998,0.999732562258353,-5.05608640765748
"406","202052_s_at","RAI14","26064","retinoic acid induced 14",0.353372089880553,8.35636733813593,1.26144703853149,0.229896542953818,0.999732562258353,-5.55342521667968
"408","202058_s_at","KPNA1","3836","karyopherin subunit alpha 1",0.434993199682491,7.58774465024621,1.24932296171208,0.234152597888675,0.999732562258353,-5.56752632936679
"410","202067_s_at","LDLR","3949","low density lipoprotein receptor",0.381954829334637,8.37545725411994,1.3382334463147,0.20436058230186,0.999732562258353,-5.46172020062554
"412","202071_at","SDC4","6385","syndecan 4",0.88063951918507,9.0531553227221,2.37852559068471,0.0338678050640039,0.999732562258353,-3.90596954128739
"415","202076_at","BIRC2","329","baculoviral IAP repeat containing 2",0.599991921352899,9.10415242825004,2.45474960269662,0.0293949032711608,0.999732562258353,-3.77599391012851
"424","202113_s_at","SNX2","6643","sorting nexin 2",0.449036992837039,7.47208635382118,1.53199541877693,0.150124061472382,0.999732562258353,-5.21298609004648
"428","202130_at","RIOK3","8780","RIO kinase 3",0.358437222841356,8.77265094449695,1.39219344924815,0.187836891303375,0.999732562258353,-5.39487239237135
"452","202237_at","NNMT","4837","nicotinamide N-methyltransferase",0.398552112031094,6.197334680401,1.36574556060419,0.195792783865676,0.999732562258353,-5.42787950488467
"480","202393_s_at","KLF10","7071","Kruppel like factor 10",0.520643569501313,9.20535512799971,2.05604113373438,0.061004646407424,0.999732562258353,-4.43770897655245
"482","202396_at","TCERG1","10915","transcription elongation regulator 1",0.451594573670705,7.38303566401653,1.29211310927163,0.219406896029908,0.999732562258353,-5.51729337174104
"490","202431_s_at","MYC","4609","MYC proto-oncogene, bHLH transcription factor",0.460279516310937,9.17421200873988,1.43428571510398,0.175728309344812,0.999732562258353,-5.34140017859628
"494","202451_at","GTF2H1","2965","general transcription factor IIH subunit 1",0.357563103527674,7.69882384906719,1.42339692241844,0.17879647799475,0.999732562258353,-5.35534219946086
"507","202510_s_at","TNFAIP2","7127","TNF alpha induced protein 2",0.742482991703675,7.65596284009043,3.07604578658673,0.00908827010840905,0.999732562258353,-2.67900702099625
"509","202531_at","IRF1","3659","interferon regulatory factor 1",1.39561377494888,7.81334392078699,3.93531653244774,0.00179317329434894,0.327095905045651,-1.13104619442251
"511","202539_s_at","HMGCR","3156","3-hydroxy-3-methylglutaryl-CoA reductase",0.487809308830602,8.18157386221167,1.33330142436916,0.205928409992133,0.999732562258353,-5.46773273240034
"524","202599_s_at","NRIP1","8204","nuclear receptor interacting protein 1",0.728045803541843,8.49693987488287,2.3033405091239,0.0389135798013167,0.999732562258353,-4.03273250085754
"526","202603_at","ADAM10","102","ADAM metallopeptidase domain 10",0.38517036260755,7.918340877791,1.48082090481787,0.163108582097212,0.999732562258353,-5.28097373850017
"535","202638_s_at","ICAM1","3383","intercellular adhesion molecule 1",1.62492958921669,9.04372169080179,5.55527270676024,0.000102510599709237,0.026490447474862,1.60389883454772
"537","202644_s_at","TNFAIP3","7128","TNF alpha induced protein 3",2.26812097461688,8.07944819017431,6.17625375038985,3.75821571219209e-05,0.0129491410261196,2.54939780994778
"539","202656_s_at","SERTAD2","9792","SERTA domain containing 2",0.393892706551433,9.33162971972617,1.51186971658582,0.155121491727109,0.999732562258353,-5.23991250659507
"554","202722_s_at","GFPT1","2673","glutamine--fructose-6-phosphate transaminase 1",0.376343307668498,7.68621769588734,1.46368088086622,0.167664901024917,0.999732562258353,-5.30338764340007
"559","202738_s_at","PHKB","5257","phosphorylase kinase regulatory subunit beta",0.423171392601191,6.6019385892064,1.2978585820713,0.217485073044838,0.999732562258353,-5.51045042925491
"596","202909_at","EPM2AIP1","9852","EPM2A interacting protein 1",0.328878391367128,7.49242774463079,1.3035595374808,0.215591581828507,0.999732562258353,-5.50363780383952
"624","203048_s_at","TTC37","9652","tetratricopeptide repeat domain 37",0.499031977953261,6.50614125727276,1.47554801740187,0.16449900005967,0.999732562258353,-5.28788841996883
"627","203067_at","PDHX","8050","pyruvate dehydrogenase complex component X",0.333557146688897,8.13069067600273,1.37247846519611,0.193741564905205,0.999732562258353,-5.41952069152642
"628","203068_at","KLHL21","9903","kelch like family member 21",0.373176327708794,8.30017538518266,1.4075132762892,0.183352062964355,0.999732562258353,-5.37554323652
"642","203137_at","WTAP","9589","WT1 associated protein",0.444339073920129,7.29500315580706,1.61362606432259,0.131244751522723,0.999732562258353,-5.1013465581695
"648","203156_at","AKAP11","11215","A-kinase anchoring protein 11",0.507811738351622,6.98630703692369,1.43367958236417,0.175897937018866,0.999732562258353,-5.34217825872758
"670","203253_s_at","PPIP5K2","23262","diphosphoinositol pentakisphosphate kinase 2",0.493942232502048,6.99639131766502,1.39154451207629,0.188028853741812,0.999732562258353,-5.39568778176769
"699","203355_s_at","PSD3","23362","pleckstrin and Sec7 domain containing 3",0.51478280753029,5.3259457499046,1.54019451129299,0.148127934703057,0.999732562258353,-5.20194737798607
"711","203403_s_at","RNF6","6049","ring finger protein 6",0.535970689727586,6.89344122136321,1.89282538840321,0.0814658549508899,0.999732562258353,-4.69288645252588
"719","203429_s_at","SUCO","51430","SUN domain containing ossification factor",0.434385588291292,8.64243328972367,1.64862781782396,0.123802744210539,0.999732562258353,-5.05232663300395
"736","203552_at","MAP4K5","11183","mitogen-activated protein kinase kinase kinase kinase 5",0.56655930615522,6.163678799867,2.00790719343957,0.0664828598438962,0.999732562258353,-4.51407069833422
"740","203566_s_at","AGL","178","amylo-alpha-1, 6-glucosidase, 4-alpha-glucanotransferase",0.624406606442142,5.79518194739723,1.34791044943731,0.201312689241469,0.999732562258353,-5.44987526428146
"765","203690_at","TUBGCP3","10426","tubulin gamma complex associated protein 3",0.403547548373391,4.58834959390264,1.64079021128501,0.125436359281139,0.999732562258353,-5.06336152519289
"769","203710_at","ITPR1","3708","inositol 1,4,5-trisphosphate receptor type 1",0.60750890091226,5.54415655170197,1.49664478068134,0.158995495211337,0.999732562258353,-5.26012038752787
"794","203821_at","HBEGF","1839","heparin binding EGF like growth factor",0.679398347289667,8.2083146775009,2.60676762847386,0.022113915702637,0.999732562258353,-3.51296356329033
"795","203824_at","TSPAN8","7103","tetraspanin 8",0.588235778314909,9.08311071941542,1.23461830647785,0.239398287365258,0.999732562258353,-5.58448734704181
"805","203896_s_at","PLCB4","5332","phospholipase C beta 4",0.573648964994211,6.20157120186465,1.47904694440239,0.163575248338098,0.999732562258353,-5.28330196184372
"811","203925_at","GCLM","2730","glutamate-cysteine ligase modifier subunit",0.572159339539798,7.71669684089919,1.20583722024759,0.249933996360459,0.999732562258353,-5.61723092145811
"814","203962_s_at","NEBL","10529","nebulette",0.466864879996773,8.10921488140245,1.28239736884771,0.22268782863843,0.999732562258353,-5.52881246701413
"818","203972_s_at","PEX3","8504","peroxisomal biogenesis factor 3",0.450912374197179,7.93799310368649,1.31781233308198,0.210915970251732,0.999732562258353,-5.48650733699168
"819","203973_s_at","CEBPD","1052","CCAAT enhancer binding protein delta",1.39988980907881,7.52989290485761,3.23261970311433,0.00674702235360193,0.836900652740783,-2.39666488195663
"824","203983_at","TSNAX","7257","translin associated factor X",0.459833163221677,6.69614499095729,1.59771117900196,0.134755290745355,0.999732562258353,-5.1234107817319
"844","204094_s_at","TSC22D2","9819","TSC22 domain family member 2",0.385602541609328,7.80205603803556,1.52170565600642,0.152661677123716,0.999732562258353,-5.22678311504943
"845","204097_s_at","RBMX2","51634","RNA binding motif protein X-linked 2",0.338545172758526,6.79599460602708,1.32102904441859,0.209872183337357,0.999732562258353,-5.4826218127869
"859","204186_s_at","PPID","5481","peptidylprolyl isomerase D",0.40751322624275,7.67737039911376,1.24030286635417,0.237359468169387,0.999732562258353,-5.5779489838893
"870","204224_s_at","GCH1","2643","GTP cyclohydrolase 1",0.598095533774691,7.35397296473958,2.27823265650912,0.0407525490712254,0.999732562258353,-4.07472031188956
"876","204258_at","CHD1","1105","chromodomain helicase DNA binding protein 1",0.34560687913079,6.71155143214298,1.33091496101956,0.206690547356393,0.999732562258353,-5.47063608519073
"895","204404_at","SLC12A2","6558","solute carrier family 12 member 2",0.374878086436704,8.54125871417163,1.27337259069129,0.225770603051487,0.999732562258353,-5.53945294625011
"906","204470_at","CXCL1","2919","C-X-C motif chemokine ligand 1",4.21159566874333,8.73547612887357,14.7802515059745,2.3341594421548e-09,3.61911421506102e-06,10.5927521498598
"954","204748_at","PTGS2","5743","prostaglandin-endoperoxide synthase 2",0.945462914294312,4.51494276510262,3.83849624097369,0.00214813579412672,0.370076060977053,-1.30411813956441
"962","204807_at","RXYLT1","10329","ribitol xylosyltransferase 1",0.54019989559136,5.05585022300881,1.91713543327181,0.0780651139692312,0.999732562258353,-4.65557496211861
"982","204897_at","PTGER4","5734","prostaglandin E receptor 4",0.727483909345414,6.37659325540012,2.42567776745656,0.0310294836475583,0.999732562258353,-3.82573068367163
"996","204969_s_at","RDX","5962","radixin",0.506861201791626,5.60963149875258,1.55882146922736,0.143677434606163,0.999732562258353,-5.17672243828325
"1003","205010_at","GNL3L","54552","G protein nucleolar 3 like",0.473592967399828,6.06817896328779,1.37789634063055,0.192103852436472,0.999732562258353,-5.4127726341718
"1006","205018_s_at","MBNL2","10150","muscleblind like splicing regulator 2",0.415589658813658,5.89476550944337,1.21144821931873,0.247851939063213,0.999732562258353,-5.61089491308521
"1009","205027_s_at","MAP3K8","1326","mitogen-activated protein kinase kinase kinase 8",0.76390356592866,3.15850939986725,2.91493413572739,0.0123459737028611,0.999732562258353,-2.96802364649028
"1044","205207_at","IL6","3569","interleukin 6",0.836973353301766,6.07944322451614,2.03182171817502,0.063706616837831,0.999732562258353,-4.47624208964264
"1049","205239_at","AREG","374","amphiregulin",0.8427182694545,6.45736933569312,3.07326262024332,0.00913652351209243,0.999732562258353,-2.68401527962527
"1052","205266_at","LIF","3976","LIF interleukin 6 family cytokine",1.22723391187834,9.45475231395334,3.66863815820156,0.00295440254135936,0.416436467307063,-1.60921133640595
"1059","205329_s_at","SNX4","8723","sorting nexin 4",0.459920735192043,5.2210321484723,1.30651788258225,0.214614269661517,0.999732562258353,-5.50009370392315
"1075","205398_s_at","SMAD3","4088","SMAD family member 3",0.537755708308222,7.81227737768525,1.67584889339787,0.118272790768139,0.999732562258353,-5.01374379556748
"1086","205476_at","CCL20","6364","C-C motif chemokine ligand 20",1.96908783072736,5.75748832559109,6.50294240526162,2.2648612505298e-05,0.010033335339847,3.02205626689834
"1096","205541_s_at","GSPT2","23708","G1 to S phase transition 2",0.306207078781242,7.31401912497216,1.23357385616844,0.239774391305234,0.999732562258353,-5.58568613145799
"1103","205575_at","C1QL1","10882","complement C1q like 1",-0.357329919468723,7.01973591201614,-1.44162857054474,0.17368424201963,0.999732562258353,-5.33195577457262
"1108","205626_s_at","CALB1","793","calbindin 1",0.424534094005145,5.36005421704902,1.40904799159789,0.182907720435201,0.999732562258353,-5.3735984690551
"1114","205681_at","BCL2A1","597","BCL2 related protein A1",0.995320554193295,5.89862494537111,3.70680921852619,0.00274969735345336,0.409236280879127,-1.54051105141683
"1131","205876_at","LIFR","3977","LIF receptor subunit alpha",0.322717140493287,4.22928550511305,1.27306509016307,0.225876241349883,0.999732562258353,-5.5398144865573
"1138","205923_at","RELN","5649","reelin",0.60585035823229,7.28756929683453,1.40566087358245,0.183889578850419,0.999732562258353,-5.37788854022135
"1140","205959_at","MMP13","4322","matrix metallopeptidase 13",0.561362391999998,6.53679451924264,1.85621950006648,0.0868411549762316,0.999732562258353,-4.74857998592773
"1148","206066_s_at","RAD51C","5889","RAD51 paralog C",0.418293826618626,7.11734304807324,1.44091878198793,0.173880956140195,0.999732562258353,-5.33287019914835
"1153","206121_at","AMPD1","270","adenosine monophosphate deaminase 1",-0.378374571456249,5.08730696706801,-1.47792056312266,0.163872144721621,0.999732562258353,-5.28477926754121
"1157","206157_at","PTX3","5806","pentraxin 3",1.94435830989568,8.76541192128652,4.61184850734441,0.000521392552165116,0.107789220284268,0.0531974897513461
"1159","206172_at","IL13RA2","3598","interleukin 13 receptor subunit alpha 2",0.449779148145046,5.52904472548063,1.24196151946368,0.236767176607506,0.999732562258353,-5.5760368132644
"1163","206203_at","RCVRN","5957","recoverin",-0.351568330285057,5.81038621444822,-1.41333432030978,0.181671448483982,0.999732562258353,-5.3681588319065
"1172","206300_s_at","PTHLH","5744","parathyroid hormone like hormone",0.418233617445052,4.84725920312879,1.47808100911,0.163829825894416,0.999732562258353,-5.28456888233533
"1176","206336_at","CXCL6","6372","C-X-C motif chemokine ligand 6",2.05593421592217,7.61640341750322,4.22568479569098,0.00104880828508139,0.203272155752336,-0.616761141273206
"1179","206383_s_at","G3BP2","9908","G3BP stress granule assembly factor 2",0.540830241893842,6.82084209097092,1.40029262189697,0.185454690563505,0.999732562258353,-5.38467263555056
"1188","206448_at","ZNF365","22891","zinc finger protein 365",0.484505105210168,7.09390509550494,1.36237593120929,0.196826044790867,0.999732562258353,-5.43205152591962
"1210","206667_s_at","SCAMP1","9522","secretory carrier membrane protein 1",0.484408952323391,5.61495138990768,1.33562570546816,0.20518833327542,0.999732562258353,-5.4649013053166
"1226","206825_at","OXTR","5021","oxytocin receptor",0.399090600591489,6.69763359937447,1.34207147750858,0.20314726886877,0.999732562258353,-5.4570299148416
"1237","206998_x_at","PRB3","5544","proline rich protein BstNI subfamily 3",-0.357137865209496,6.45957268284407,-1.35185209409934,0.200081919368688,0.999732562258353,-5.44503246361481
"1266","207345_at","FST","10468","follistatin",0.422833851219629,8.61900236484729,1.25462527499192,0.232283616760486,0.999732562258353,-5.56137230401529
"1304","207850_at","CXCL3","2921","C-X-C motif chemokine ligand 3",4.53765867701808,7.16390740593704,10.7966572722245,9.43969664960702e-08,7.31812482760784e-05,7.82736420863264
"1305","207855_s_at","CLCC1","23155","chloride channel CLIC like 1",0.39998656874166,3.3316912983014,1.36861736314575,0.194915698699622,0.999732562258353,-5.42431788484247
"1306","207893_at","SRY","6736","sex determining region Y",-0.371695154810383,4.68142926509855,-1.50121473190107,0.157824127532575,0.999732562258353,-5.25406948743188
"1309","207941_s_at","RBM39","9584","RNA binding motif protein 39",0.428241569161766,8.46833366177226,1.47276564721959,0.16523671445566,0.999732562258353,-5.29153020470286
"1324","208152_s_at","DDX21","9188","DExD-box helicase 21",0.397725758390047,8.92590359855101,1.33102324758494,0.206655915449427,0.999732562258353,-5.47050442860116
"1332","208296_x_at","TNFAIP8","25816","TNF alpha induced protein 8",0.91982746683886,6.33329422821777,3.70263658966668,0.00277135178924917,0.409236280879127,-1.54801744922852
"1336","208394_x_at","ESM1","11082","endothelial cell specific molecule 1",0.906044906579793,6.32072935594683,2.48487595573962,0.0277886436758839,0.999732562258353,-3.72425003392306
"1397","208792_s_at","CLU","1191","clusterin",0.410821593946768,7.52401074106679,1.63837909312607,0.125942689666118,0.999732562258353,-5.0667495129229
"1419","208893_s_at","DUSP6","1848","dual specificity phosphatase 6",0.36553072652978,9.52926056601327,1.26829447431814,0.227520204814447,0.999732562258353,-5.5454149179043
"1439","208988_at","KDM2A","22992","lysine demethylase 2A",0.465342327270667,6.41365333570754,1.86136560448718,0.0860665654591123,0.999732562258353,-4.7407867036276
"1440","208990_s_at","HNRNPH3","3189","heterogeneous nuclear ribonucleoprotein H3",0.416386275984867,7.79399645682162,1.28308041403839,0.222455888847973,0.999732562258353,-5.52800480332059
"1444","209004_s_at","FBXL5","26234","F-box and leucine rich repeat protein 5",0.40626112160798,5.77131891197994,1.48710557684839,0.161464356493949,0.999732562258353,-5.27270989148285
"1453","209037_s_at","EHD1","10938","EH domain containing 1",0.834846963761306,6.44911409572364,2.65632016996254,0.0201443882506819,0.999732562258353,-3.42627313523081
"1469","209096_at","UBE2V2","7336","ubiquitin conjugating enzyme E2 V2",0.470342178075671,7.33024296456073,1.2515721630831,0.233358335267453,0.999732562258353,-5.56491829585066
"1470","209098_s_at","JAG1","182","jagged canonical Notch ligand 1",0.343297965770239,6.90665399143377,1.25987438898442,0.230445103000289,0.999732562258353,-5.55526023410871
"1473","209103_s_at","UFD1","7353","ubiquitin recognition factor in ER associated degradation 1",0.4152874911215,8.13934721995599,1.28557135961122,0.221611688487026,0.999732562258353,-5.52505662091044
"1497","209239_at","NFKB1","4790","nuclear factor kappa B subunit 1",0.622936090784135,7.50533332438343,2.59697642060608,0.0225246958421278,0.999732562258353,-3.53004177642362
"1501","209270_at","LAMB3","3914","laminin subunit beta 3",0.559814261829649,6.98960676149773,2.24679293356225,0.0431716939624916,0.999732562258353,-4.12703998353453
"1509","209290_s_at","NFIB","4781","nuclear factor I B",0.559514223302561,6.53273929893802,2.1130631807935,0.0550578991929658,0.999732562258353,-4.34613571567578
"1511","209307_at","SWAP70","23075","switching B cell complex subunit SWAP70",0.398892946178968,5.02334107130702,1.47534130955881,0.164553710551506,0.999732562258353,-5.28815914000892
"1557","209619_at","CD74","972","CD74 molecule",-0.391046646677909,5.80670241389909,-1.43941473779851,0.174298410700234,0.999732562258353,-5.33480681357623
"1560","209629_s_at","NXT2","55916","nuclear transport factor 2 like export factor 2",0.407517999338777,6.93213254902465,1.3014947505236,0.216275828125648,0.999732562258353,-5.50610782539975
"1568","209681_at","SLC19A2","10560","solute carrier family 19 member 2",0.651772838707523,5.70682219551433,2.5214276016099,0.0259533692981504,0.999732562258353,-3.66120550653088
"1587","209774_x_at","CXCL2","2920","C-X-C motif chemokine ligand 2",5.07293354635906,8.47408866363643,16.1898157729783,7.77666511733378e-10,2.4115438528852e-06,11.3167642016336
"1596","209821_at","IL33","90865","interleukin 33",0.589020768840719,3.75165343905371,1.36992950795942,0.194516029792279,0.999732562258353,-5.4226887323241
"1630","210041_s_at","PGM3","5238","phosphoglucomutase 3",0.559965295695108,6.7967855364433,1.8286950474445,0.0910921184729967,0.999732562258353,-4.79005810855942
"1640","210138_at","RGS20","8601","regulator of G protein signaling 20",0.475806122759326,5.69214445195792,1.57979104633487,0.138805257481141,0.999732562258353,-5.14808398633984
"1648","210229_s_at","CSF2","1437","colony stimulating factor 2",1.9576216323048,7.71727752100446,8.2115832694462,2.00861028584829e-06,0.00103811674940259,5.22694375554015
"1656","210346_s_at","CLK4","57396","CDC like kinase 4",0.474203249761744,6.53453744043572,1.5802207161696,0.13870693447963,0.999732562258353,-5.14749453725073
"1658","210389_x_at","TUBD1","51174","tubulin delta 1",0.489378677684996,6.81481515862838,1.72319959178829,0.109169897299092,0.999732562258353,-4.94569907344895
"1659","210405_x_at","TNFRSF10B","8795","TNF receptor superfamily member 10b",0.495745285308654,7.58831927512147,1.89054908917593,0.0817910918799298,0.999732562258353,-4.69636700668046
"1668","210538_s_at","BIRC3","330","baculoviral IAP repeat containing 3",2.20782310035151,5.36468337893898,5.92440044995956,5.60927327354874e-05,0.0173943564212746,2.17336113509289
"1685","210764_s_at","CCN1","3491","cellular communication network factor 1",0.591095162025388,8.29771362629607,2.24999235235231,0.0429194316540715,0.999732562258353,-4.12172909169241
"1724","211124_s_at","KITLG","4254","KIT ligand",0.579898539940836,4.47668191638462,1.32110165065034,0.209848671902078,0.999732562258353,-5.4825340284579
"1729","211235_s_at","ESR1","2099","estrogen receptor 1",-0.349959559153183,5.79731890561681,-1.4109483244977,0.182358762058245,0.999732562258353,-5.37118828477475
"1744","211506_s_at","CXCL8","3576","C-X-C motif chemokine ligand 8",3.50520771417176,8.03261631481436,13.3373460678025,7.96334222343815e-09,8.23144141162723e-06,9.72909060553667
"1749","211549_s_at","HPGD","3248","15-hydroxyprostaglandin dehydrogenase",0.584160029738941,6.82890662141697,1.3190688293155,0.210507751087021,0.999732562258353,-5.48499043771434
"1758","211668_s_at","PLAU","5328","plasminogen activator, urokinase",1.77987105539597,10.1697716264543,6.22812486467849,3.46445516356122e-05,0.0129491410261196,2.62558359122255
"1809","212060_at","U2SURP","23350","U2 snRNP associated SURP domain containing",0.419295699842412,6.36197345544012,1.21533469246151,0.246417794522252,0.999732562258353,-5.60649272469854
"1812","212070_at","ADGRG1","9289","adhesion G protein-coupled receptor G1",0.47954590526492,7.61357668668817,1.41311145933997,0.181735554777949,0.999732562258353,-5.36844194979522
"1823","212131_at","LSM14A","26065","LSM14A mRNA processing body assembly factor",0.388168999150884,6.46612149785548,1.4206044613989,0.179590480221572,0.999732562258353,-5.3589054517944
"1829","212168_at","RBM12","10137","RNA binding motif protein 12",0.618611696747163,7.21677994461356,2.149428091832,0.0515528202763958,0.999732562258353,-4.28713820265363
"1846","212242_at","TUBA4A","7277","tubulin alpha 4a",0.424113962572543,8.48319265259171,1.42095285374997,0.179491258902896,0.999732562258353,-5.35846116729888
"1851","212264_s_at","WAPL","23063","WAPL cohesin release factor",0.517290315462888,6.93886970539812,1.52204379837607,0.152577707799527,0.999732562258353,-5.226330719516
"1860","212325_at","LIMCH1","22998","LIM and calponin homology domains 1",0.510654515503748,5.045928309219,1.30014429899116,0.216724299586442,0.999732562258353,-5.50772171548638
"1869","212367_at","FEM1B","10116","fem-1 homolog B",0.475790463334344,6.12893537309506,1.95297420146508,0.0732874854224871,0.999732562258353,-4.60010979713884
"1893","212489_at","COL5A1","1289","collagen type V alpha 1 chain",0.380944579554158,5.03549898539818,1.26234211714687,0.229584793622106,0.999732562258353,-5.55238002448028
"1924","212689_s_at","KDM3A","55818","lysine demethylase 3A",0.317209599940586,7.58916437034741,1.21481170663662,0.246610400574356,0.999732562258353,-5.60708575201263
"1941","212749_s_at","RCHY1","25898","ring finger and CHY zinc finger domain containing 1",0.462195868098785,6.99752361477243,1.67352059944784,0.118737151743539,0.999732562258353,-5.01705937200099
"1942","212754_s_at","MON2","23041","MON2 homolog, regulator of endosome-to-Golgi trafficking",0.439999255077025,7.11437269801498,1.64023586074325,0.125552614205497,0.999732562258353,-5.06414075280004
"1943","212762_s_at","TCF7L2","6934","transcription factor 7 like 2",0.457895349244685,6.36504329245944,1.32802556730959,0.207616371273205,0.999732562258353,-5.47414610489053
"1946","212774_at","ZBTB18","10472","zinc finger and BTB domain containing 18",0.352293398724473,6.01433416072423,1.21758656537797,0.245589821566657,0.999732562258353,-5.60393698240502
"1948","212781_at","RBBP6","5930","RB binding protein 6, ubiquitin ligase",0.40124752509599,6.42438616128451,1.54951999796318,0.1458852530388,0.999732562258353,-5.18934402623629
"1960","212853_at","DCUN1D4","23142","defective in cullin neddylation 1 domain containing 4",0.363706187886992,6.72380425313383,1.21189305613031,0.247687458787056,0.999732562258353,-5.61039160943875
"1968","212902_at","SEC24A","10802","SEC24 homolog A, COPII coat complex component",0.417137635383898,5.84732928840212,1.21311502673924,0.247236071063779,0.999732562258353,-5.60900828358154
"1974","212917_x_at","RECQL","5965","RecQ like helicase",0.417756080267541,6.03290577800636,1.21438624217079,0.246767178560825,0.999732562258353,-5.6075680496716
"1988","212979_s_at","TCAF1","9747","TRPM8 channel associated factor 1",0.454018186722593,5.99986176399734,1.53995261097899,0.148186500098449,0.999732562258353,-5.20227362478088
"1991","212990_at","SYNJ1","8867","synaptojanin 1",0.495433495113478,5.84930622142264,1.74431363690244,0.1053148176255,0.999732562258353,-4.9149864852608
"2008","213094_at","ADGRG6","57211","adhesion G protein-coupled receptor G6",0.633438431303775,6.49744208812549,1.88777015268243,0.0821897452033095,0.999732562258353,-4.70061303259725
"2048","213350_at","RPS11","6205","ribosomal protein S11",-0.617935290638446,10.4063856053905,-1.22153308072843,0.24414403946961,0.999732562258353,-5.59944898918736
"2050","213358_at","MTCL1","23255","microtubule crosslinking factor 1",0.423172238891477,7.33686090521912,1.26265967396974,0.229474271998097,0.999732562258353,-5.55200907325939
"2081","213524_s_at","G0S2","50486","G0/G1 switch 2",0.924914378189772,8.73685692605924,2.97774754069359,0.0109567583785857,0.999732562258353,-2.85558403970263
"2099","213659_at","ZNF75D","7626","zinc finger protein 75D",0.307186775651918,5.84195414740619,1.23629590211095,0.238795166231136,0.999732562258353,-5.58256020895481
"2100","213664_at","SLC1A1","6505","solute carrier family 1 member 1",0.476517585874164,6.34511220199931,1.4217388945445,0.179267564186565,0.999732562258353,-5.35745848906111
"2106","213711_at","KRT81","3887","keratin 81",0.63426133466038,10.2935936913147,1.94861815746407,0.073853545660554,0.999732562258353,-4.60688003289145
"2126","213826_s_at","H3-3A","3020","H3.3 histone A",-0.467481083828312,7.74660543651057,-1.37755607101246,0.192206372041052,0.999732562258353,-5.41319701743688
"2168","214331_at","TSFM","10102","Ts translation elongation factor, mitochondrial",0.449227657031547,4.74823644729897,1.57623957694552,0.139620260434729,0.999732562258353,-5.15295207760958
"2185","214537_at","H1-3","3007","H1.3 linker histone, cluster member",-0.318502531438357,6.18613664946463,-1.25642433367093,0.231652181395776,0.999732562258353,-5.55927969408019
"2211","214831_at","ELK4","2005","ETS transcription factor ELK4",0.430387732572824,6.31056844097377,1.29192177685182,0.219471130022545,0.999732562258353,-5.51752085529921
"2227","215101_s_at","CXCL5","6374","C-X-C motif chemokine ligand 5",0.863608725964581,3.93374792294833,3.17100116021478,0.00758605623656848,0.904783091907648,-2.50789696817788
"2233","215245_x_at","FMR1","2332","FMRP translational regulator 1",0.379669099786047,7.01684153260486,1.41847840527114,0.180196967093991,0.999732562258353,-5.36161499805108
"2245","215454_x_at","SFTPC","6440","surfactant protein C",-0.377397720608173,6.62877675635806,-1.41771249876027,0.180415870157944,0.999732562258353,-5.36259039362095
"2271","215933_s_at","HHEX","3087","hematopoietically expressed homeobox",1.25575209530808,7.34162370309498,4.63961223491472,0.000496184944653217,0.107789220284268,0.100654554085588
"2273","215977_x_at","GK","2710","glycerol kinase",0.327446725222568,6.65787732118224,1.32965508921305,0.207093823394791,0.999732562258353,-5.47216727066402
"2286","216250_s_at","LPXN","9404","leupaxin",0.354486594500122,7.30824878942729,1.21294490817811,0.247298872979604,0.999732562258353,-5.60920093101725
"2301","216598_s_at","CCL2","6347","C-C motif chemokine ligand 2",-0.360842935091509,5.04496946576347,-1.35319396268533,0.199664332069121,0.999732562258353,-5.44338142681645
"2321","217403_s_at","ZNF227","7770","zinc finger protein 227",0.405067335695279,4.73214382267415,1.61207168807263,0.131584083406925,0.999732562258353,-5.10350777374298
"2331","217540_at","NXPE3","91775","neurexophilin and PC-esterase domain family member 3",0.440560428287157,3.99852415449888,1.35289557852148,0.199757126960801,0.999732562258353,-5.44374866366709
"2350","217771_at","GOLM1","51280","golgi membrane protein 1",0.442199966815464,8.48012525261118,1.4779446760618,0.163865784164224,0.999732562258353,-5.28474765040257
"2367","217828_at","SLTM","79811","SAFB like transcription modulator",0.530139057990135,6.36799324749769,1.86939431521732,0.0848705740599171,0.999732562258353,-4.72860417357501
"2381","217890_s_at","PARVA","55742","parvin alpha",0.343798833379057,7.34314717354248,1.30130989706104,0.216337171823449,0.999732562258353,-5.50632881386246
"2437","218109_s_at","MFSD1","64747","major facilitator superfamily domain containing 1",0.40122172474889,8.83135470293485,1.5997078568918,0.134310438669952,0.999732562258353,-5.12065040965825
"2438","218111_s_at","CMAS","55907","cytidine monophosphate N-acetylneuraminic acid synthetase",0.521629310199072,5.8523598085783,1.29680305213627,0.2178371197528,0.999732562258353,-5.51170930567697
"2470","218259_at","MRTFB","57496","myocardin related transcription factor B",0.527558078275789,6.73289148854029,1.35863742934705,0.197977651642806,0.999732562258353,-5.43667138569621
"2474","218276_s_at","SAV1","60485","salvador family WW domain containing protein 1",0.503808000824403,7.23990090445432,1.87400809198384,0.0841901198953393,0.999732562258353,-4.72159030285525
"2484","218309_at","CAMK2N1","55450","calcium/calmodulin dependent protein kinase II inhibitor 1",0.461161535749703,7.5235903340403,1.2427374848744,0.236490488245106,0.999732562258353,-5.57514156482428
"2487","218319_at","PELI1","57162","pellino E3 ubiquitin protein ligase 1",0.359612831060083,5.25472481832975,1.23145488406836,0.240538863058383,0.999732562258353,-5.58811578934691
"2497","218362_s_at","DIS3","22894","DIS3 homolog, exosome endoribonuclease and 3'-5' exoribonuclease",0.336890313773816,3.81028278560592,1.24396079898437,0.236054808221021,0.999732562258353,-5.57372932025506
"2504","218397_at","FANCL","55120","FA complementation group L",0.478595445888862,5.77387046783703,1.35547509277505,0.198956086696733,0.999732562258353,-5.44057194660968
"2517","218472_s_at","PELO","53918","pelota mRNA surveillance and ribosome rescue factor",0.349105868468268,8.35324382423144,1.23728242050532,0.238441059701842,0.999732562258353,-5.5814259963263
"2537","218538_s_at","MRS2","57380","magnesium transporter MRS2",0.462529962365758,4.98782475428488,1.28486128927162,0.221852074027401,0.999732562258353,-5.5258974750699
"2556","218611_at","IER5","51278","immediate early response 5",0.995923899841749,5.9397061289253,3.70631161781847,0.00275227062945639,0.409236280879127,-1.54140616917496
"2573","218663_at","NCAPG","64151","non-SMC condensin I complex subunit G",0.694057048726836,5.07862053443299,1.22389825458902,0.243280789747334,0.999732562258353,-5.5967538620639
"2575","218683_at","PTBP2","58155","polypyrimidine tract binding protein 2",0.339670544401054,5.67745676570166,1.31357487971367,0.212297398844801,0.999732562258353,-5.49161497958456
"2637","218949_s_at","QRSL1","55278","glutaminyl-tRNA amidotransferase subunit QRSL1",0.334652379794195,6.4379092126686,1.36902647913336,0.194791012804521,0.999732562258353,-5.423810051225
"2640","218954_s_at","BRF2","55290","BRF2 RNA polymerase III transcription initiation factor subunit",0.33485767459463,6.56271332388231,1.25507304800412,0.2321263290227,0.999732562258353,-5.56085168425728
"2693","219258_at","TIPIN","54962","TIMELESS interacting protein",0.54025076909309,5.60569859134563,1.56690388472567,0.141782359797932,0.999732562258353,-5.16571420811057
"2698","219275_at","PDCD5","9141","programmed cell death 5",0.353262836634558,6.2878224572532,1.27906367992388,0.223822627135302,0.999732562258353,-5.53274966599442
"2706","219312_s_at","ZBTB10","65986","zinc finger and BTB domain containing 10",0.908731379775189,4.7318493152166,2.68138788672378,0.0192143395224791,0.999732562258353,-3.3822611174916
"2709","219321_at","MPP5","64398","membrane palmitoylated protein 5",0.545914998656799,6.17218193482894,1.27227921528458,0.226146399479756,0.999732562258353,-5.54073816654804
"2725","219421_at","TTC33","23548","tetratricopeptide repeat domain 33",0.453416118560409,5.28966151147904,1.86157140375139,0.0860357190908919,0.999732562258353,-4.7404747917578
"2730","219474_at","C3orf52","79669","chromosome 3 open reading frame 52",0.418829353077792,5.84463432562981,1.5972459485306,0.134859125499679,0.999732562258353,-5.12405363181928
"2738","219522_at","FJX1","24147","four-jointed box kinase 1",0.605527673698417,8.86634944344149,1.96308312208452,0.0719891407400147,0.999732562258353,-4.58436821134223
"2801","219901_at","FGD6","55785","FYVE, RhoGEF and PH domain containing 6",0.358138507078711,5.75202672074926,1.2300544355959,0.241045165757925,0.999732562258353,-5.58971978757452
"2832","220202_s_at","RC3H2","54542","ring finger and CCCH-type domains 2",0.370717422409522,7.76870025963204,1.24108728269834,0.237079213277079,0.999732562258353,-5.57704492012668
"2877","220925_at","NAA35","60560","N(alpha)-acetyltransferase 35, NatC auxiliary subunit",0.630585628059321,5.97436773402573,1.72584217027741,0.108680648629265,0.999732562258353,-4.94186751576274
"2888","221039_s_at","ASAP1","50807","ArfGAP with SH3 domain, ankyrin repeat and PH domain 1",0.466463174132164,8.46546283520554,1.25239159465764,0.233069501590173,0.999732562258353,-5.56396723379594
"2900","221220_s_at","SCYL2","55681","SCY1 like pseudokinase 2",0.410521084455564,6.18360265075468,1.21098421200251,0.248023599061768,0.999732562258353,-5.6114197523074
"2903","221230_s_at","ARID4B","51742","AT-rich interaction domain 4B",0.313128541312705,5.84527177973319,1.27149714258498,0.226415507208692,0.999732562258353,-5.54165694419021
"2926","221517_s_at","MED17","9440","mediator complex subunit 17",0.436284700699024,7.91085893261018,1.67995266779921,0.117458209604662,0.999732562258353,-5.00789287954264
"2930","221530_s_at","BHLHE41","79365","basic helix-loop-helix family member e41",0.929520136501848,8.14639837057212,1.801328232313,0.0955037214770583,0.999732562258353,-4.83094986069004
"2936","221559_s_at","MIS12","79003","MIS12 kinetochore complex component",0.382564436779619,6.3600490239,1.31892704254031,0.21055378364183,0.999732562258353,-5.48516166341806
"2939","221571_at","TRAF3","7187","TNF receptor associated factor 3",0.435477450547286,7.06029425409295,1.47978490687677,0.163380979612174,0.999732562258353,-5.28233366299385
"2952","221618_s_at","TAF9B","51616","TATA-box binding protein associated factor 9b",0.750231637005665,5.60634904031646,1.52154795953271,0.152700850634712,0.999732562258353,-5.22699407140748
"2967","221702_s_at","TM2D3","80213","TM2 domain containing 3",0.410534674844198,8.21193610420062,1.23005937434671,0.241043378778581,0.999732562258353,-5.58971413349374
"2978","221771_s_at","MPHOSPH8","54737","M-phase phosphoprotein 8",0.384085349522977,6.86910122231075,1.53306330748301,0.149862780149152,0.999732562258353,-5.21155060814817
"2985","221803_s_at","NRBF2","29982","nuclear receptor binding factor 2",0.396294240095144,7.65622316553626,1.4393482268782,0.17431689047986,0.999732562258353,-5.33489242026492
"2996","221884_at","MECOM","2122","MDS1 and EVI1 complex locus",0.401260465718529,5.36195254682646,1.34562819650145,0.202028144199474,0.999732562258353,-5.45267451088167
"2998","221903_s_at","CYLD","1540","CYLD lysine 63 deubiquitinase",0.502367558026582,6.59202752680122,1.44661669186053,0.172307064381246,0.999732562258353,-5.32552056706058
"3029","222119_s_at","FBXO11","80204","F-box protein 11",0.414381582462579,6.12935799821553,1.55005365440895,0.145757800077774,0.999732562258353,-5.1886212492433
"3030","222122_s_at","THOC2","57187","THO complex 2",0.500344003699059,6.84575039739614,1.73952149081412,0.106179014680152,0.999732562258353,-4.92197687503804
"3037","222163_s_at","SPATA5L1","79029","spermatogenesis associated 5 like 1",0.48175964454741,7.81508782591207,1.89485490990536,0.0811768696330768,0.999732562258353,-4.68978131923097
"3060","36711_at","MAFF","23764","MAF bZIP transcription factor F",0.431454604672277,8.41016029655372,1.62014385096316,0.129830139919168,0.999732562258353,-5.09226954804872
"3072","39402_at","IL1B","3553","interleukin 1 beta",1.72200965912225,7.71491292849174,5.82201390290596,6.61775050131026e-05,0.0186560402768756,2.01758497522765
